Id,Transportador
1722546,BRAVO SERVICOS LOGISTICOS LTDA
1942026,TRANS - FACE TRANSPORTES LTDA.
2295111,PACTUS LOGISTICA INTEGRADA LTDA
2316472,BRAVO SERVICOS LOGISTICOS LTDA
1756447,TRANS KOTHE TRANSPORTES RODOVIARIOS
2332659,TRANS KOTHE TRANSPORTES RODOVIARIOS
2321386,RODOVIVA TRANSPORTES LTDA
1176646,MAFRO TRANSPORTES LTDA
2254035,LONTANO TRANSPORTES LTDA
2253080,IC TRANSPORTES LTDA.
2343048,MAFRO TRANSPORTES LTDA
2300861,FRIBON TRANSPORTES LTDA
2345401,LENARGE TRANSPORTES E SERVICOS LTDA
2137261,TRANSPORTE RODOVIARIO 1500 LTDA
2316401,KOTHE LOGISTICA LTDA
1127621,GRANLIDER TRANSPORTES E AGENCIAMENT
1727132,G10 TRANSPORTES S.A.
2345729,MANA TRANSPORTES E SERVICOS LTDA
2343184,TRANSPORTES BOTUVERA LTDA
1004725,BUNGE ALIMENTOS SA
1116845,TRANSPORTADORA DELTA LTDA
1757149,R. H. TRANSPORTES DE CARGAS LTDA
2020495,FOCO TRANSPORTES LTDA
2341218,BNTG LOGISTICA LTDA
2342064,RODOCERTA TRANSPORTES RODOVIARIO LT
2293455,PACTUS LOGISTICA INTEGRADA LTDA
1189157,BUNGE ALIMENTOS SA
2111740,CARGOPAG TRANSPORTES LTDA
2317361,VIDAL LOGISTICA E TRANSPORTE S.A.
2344742,LENARGE TRANSPORTES E SERVICOS LTDA
2294302,PACTUS LOGISTICA INTEGRADA LTDA
1164734,TRANSPORTES BOTUVERA LTDA
2097185,RODOVIVA TRANSPORTES LTDA
2337444,FRIBON TRANSPORTES LTDA
2350059,ALBIERI TRANSPORTE E LOGISTICA LTDA
2342774,BELLUNO LOGISTICA E TRANSPORTES LTD
2030207,REGINALDO ALMEIDA DO NASCIMENTO LTD
2142091,RODOFROTA TRANSPORTES RODOVIARIOS E
2351418,BNTG LOGISTICA LTDA
1153912,FRIBON TRANSPORTES LTDA
2352103,CARGOPAG TRANSPORTES LTDA
2295150,PACTUS LOGISTICA INTEGRADA LTDA
1767708,RODOCERTA TRANSPORTES RODOVIARIO LT
2345750,TRANSPORTES BOTUVERA LTDA
2293846,FRIBON TRANSPORTES LTDA
2280790,FRIBON TRANSPORTES LTDA
2351410,RODOVIVA TRANSPORTES LTDA
2344208,MOTZ TRANSPORTES LTDA
2352740,MOTZ TRANSPORTES LTDA
2311197,G10 TRANSPORTES S.A.
1999310,VIDAL LOGISTICA E TRANSPORTE S.A.
2331799,VIDAL LOGISTICA E TRANSPORTE S.A.
2098439,G10 - TRANSPORTES LTDA
2298328,PACTUS LOGISTICA INTEGRADA LTDA
2354442,MOTZ TRANSPORTES LTDA
2086749,TRANSPORTES TOP BRASIL LTDA
2301798,ATLANTIC LOGISTICA LTDA
2355227,ATLANTIC LOGISTICA LTDA
1928958,TRANSPANORAMA TRANSPORTES S.A.
1077109,TRANSPANORAMA TRANSPORTES S.A.
2267810,RDM TRANSPORTES E LOGISTICA LTDA
2356259,IC TRANSPORTES LTDA.
2032316,TRANSVAL TRANSPORTADORA VALMIR LTDA
1176780,RDM TRANSPORTES E LOGISTICA LTDA
2073324,GRANLIDER TRANSPORTES E AGENCIAMENT
1065325,MULTITRANS - TRANSPORTES E ARMAZENS
1646952,BELLUNO LOGISTICA E TRANSPORTES LTD
2326889,GRANLIDER TRANSPORTES E AGENCIAMENT
2353555,BNTG LOGISTICA LTDA
1846084,TRANSPORTES TRANSVIDAL S.A
2288010,TRANSMARINE SOLUCOES LOGISTICAS LTD
2099233,TRANS KOTHE TRANSPORTES RODOVIARIOS
2362270,TRANS KOTHE TRANSPORTES RODOVIARIOS
2050233,TRANSMARINE SOLUCOES LOGISTICAS LTD
1673185,TRANSVAL TRANSPORTADORA VALMIR LTDA
2360178,COMANDO LOG TRANSPORTES LTDA
2033093,BORGNO TRANSPORTES LTDA
1100023,SOTRAN S/A LOGISTICA E TRANSPORTE
1882851,SOTRAN S/A LOGISTICA E TRANSPORTE
2295110,PACTUS LOGISTICA INTEGRADA LTDA
2255590,BNTG LOGISTICA LTDA
1723310,RODOMAIOR TRANSPORTES LTDA.
2047400,RODOMAIOR TRANSPORTES LTDA.
2359515,TRANSVAL TRANSPORTADORA VALMIR LTDA
2342364,IC TRANSPORTES LTDA.
2360899,TRANSPORTES TRANSVIDAL S.A
1129234,TRANSPORTES TRANSVIDAL LTDA
2290899,RODOVIVA TRANSPORTES LTDA
2352748,MOTZ TRANSPORTES LTDA
2030930,VIDAL LOGISTICA E TRANSPORTE S.A.
2253139,LEONARDO ANTONIO NAVARINI & CIA LTD
2006726,GABIZA TRANSPORTES DE CARGAS LTDA
2345905,J.E.M. PRADELLA TRANSPORTES RODOVIA
1835240,RAIMUNDO NONATO S DO NASCIMENTO LTD
2295010,G10 TRANSPORTES S.A.
2362414,RODONUNES TRANSPORTES & LOGISTICA L
2363000,RODONUNES TRANSPORTES & LOGISTICA L
2144808,BELLUNO LOGISTICA E TRANSPORTES LTD
2335589,FRIBON TRANSPORTES LTDA
2353514,BNTG LOGISTICA LTDA
2034615,AUTHENTIC TRANSPORTES E LOGISTICA L
1706382,EPOKA - TRANSPORTES RODOVIARIOS LTD
2345640,EPOKA - TRANSPORTES RODOVIARIOS LTD
2364359,VECTOR TRANSPORTES E TECNOLOGIA S.A
2115802,TRANSPORTE RODOVIARIO 1500 LTDA
1087220,COCAL CEREAIS LTDA
2362674,TRANS KOTHE TRANSPORTES RODOVIARIOS
2344218,RODONUNES TRANSPORTES & LOGISTICA L
2356901,RODOCERTA TRANSPORTES RODOVIARIO LT
2340807,BNTG LOGISTICA LTDA
2362317,BNTG LOGISTICA LTDA
2254006,TRANSPORTE TRANSVIDAL
2046448,VIDAL LOGISTICA E TRANSPORTE S.A.
2359659,RODOJUNIOR TRANSPORTES LTDA
2359640,RODOJUNIOR TRANSPORTES LTDA
1064025,LONTANO TRANSPORTES LTDA
2371106,MOTZ TRANSPORTES LTDA
2346317,LONTANO TRANSPORTES LTDA
2356917,LONTANO TRANSPORTES LTDA
2367098,RDM TRANSPORTES E LOGISTICA LTDA
2295112,PACTUS LOGISTICA INTEGRADA LTDA
2373966,COCAL CEREAIS LTDA
2373921,COCAL CEREAIS LTDA
1880752,TRANSPANORAMA TRANSPORTES S.A.
2367282,BNTG LOGISTICA LTDA
2377110,GRANLIDER TRANSPORTES E AGENCIAMENT
2355226,ATLANTIC LOGISTICA LTDA
1524297,LONTANO TRANSPORTES LTDA
2306931,LONTANO TRANSPORTES LTDA
2368887,BELLUNO LOGISTICA E TRANSPORTES LTD
2373475,LENARGE TRANSPORTES E SERVICOS LTDA
2356165,TRANSPORTADORA BRASIL CENTRAL LTDA
2142921,TRANSPORTADORA BRASIL CENTRAL LTDA
2376956,TRANSPORTE RODOVIARIO 1500 LTDA
2327306,MAFRO TRANSPORTES LTDA
2386725,TRANSVAL TRANSPORTADORA VALMIR LTDA
